Year,area,catch,table,report
1978,1,354408,a-1,http://www.pcouncil.org/salmon/background/document-library/historical-data-of-ocean-salmon-fisheries/
1979,1,354408,a-1,http://www.pcouncil.org/salmon/background/document-library/historical-data-of-ocean-salmon-fisheries/
1980,1,354408,a-1,http://www.pcouncil.org/salmon/background/document-library/historical-data-of-ocean-salmon-fisheries/
1981,1,218936,a-1,http://www.pcouncil.org/salmon/background/document-library/historical-data-of-ocean-salmon-fisheries/
1982,1,218936,a-1,http://www.pcouncil.org/salmon/background/document-library/historical-data-of-ocean-salmon-fisheries/
1983,1,218936,a-1,http://www.pcouncil.org/salmon/background/document-library/historical-data-of-ocean-salmon-fisheries/
1984,1,218936,a-1,http://www.pcouncil.org/salmon/background/document-library/historical-data-of-ocean-salmon-fisheries/
1985,1,218936,a-1,http://www.pcouncil.org/salmon/background/document-library/historical-data-of-ocean-salmon-fisheries/
1986,1,298742,a-1,http://www.pcouncil.org/salmon/background/document-library/historical-data-of-ocean-salmon-fisheries/
1987,1,298742,a-1,http://www.pcouncil.org/salmon/background/document-library/historical-data-of-ocean-salmon-fisheries/
1988,1,298742,a-1,http://www.pcouncil.org/salmon/background/document-library/historical-data-of-ocean-salmon-fisheries/
1989,1,298742,a-1,http://www.pcouncil.org/salmon/background/document-library/historical-data-of-ocean-salmon-fisheries/
1990,1,298742,a-1,http://www.pcouncil.org/salmon/background/document-library/historical-data-of-ocean-salmon-fisheries/
1991,1,22054,a-1,http://www.pcouncil.org/salmon/background/document-library/historical-data-of-ocean-salmon-fisheries/
1992,1,22054,a-1,http://www.pcouncil.org/salmon/background/document-library/historical-data-of-ocean-salmon-fisheries/
1993,1,22054,a-1,http://www.pcouncil.org/salmon/background/document-library/historical-data-of-ocean-salmon-fisheries/
1994,1,22054,a-1,http://www.pcouncil.org/salmon/background/document-library/historical-data-of-ocean-salmon-fisheries/
1995,1,22054,a-1,http://www.pcouncil.org/salmon/background/document-library/historical-data-of-ocean-salmon-fisheries/
1996,1,16034,a-1,http://www.pcouncil.org/salmon/background/document-library/historical-data-of-ocean-salmon-fisheries/
1997,1,16034,a-1,http://www.pcouncil.org/salmon/background/document-library/historical-data-of-ocean-salmon-fisheries/
1998,1,16034,a-1,http://www.pcouncil.org/salmon/background/document-library/historical-data-of-ocean-salmon-fisheries/
1999,1,16034,a-1,http://www.pcouncil.org/salmon/background/document-library/historical-data-of-ocean-salmon-fisheries/
2000,1,16034,a-1,http://www.pcouncil.org/salmon/background/document-library/historical-data-of-ocean-salmon-fisheries/
2001,1,103176,a-1,http://www.pcouncil.org/salmon/background/document-library/historical-data-of-ocean-salmon-fisheries/
2002,1,103176,a-1,http://www.pcouncil.org/salmon/background/document-library/historical-data-of-ocean-salmon-fisheries/
2003,1,103176,a-1,http://www.pcouncil.org/salmon/background/document-library/historical-data-of-ocean-salmon-fisheries/
2004,1,103176,a-1,http://www.pcouncil.org/salmon/background/document-library/historical-data-of-ocean-salmon-fisheries/
2005,1,103176,a-1,http://www.pcouncil.org/salmon/background/document-library/historical-data-of-ocean-salmon-fisheries/
2006,1,10835,a-1,http://www.pcouncil.org/salmon/background/document-library/historical-data-of-ocean-salmon-fisheries/
2007,1,24878,a-1,http://www.pcouncil.org/salmon/background/document-library/historical-data-of-ocean-salmon-fisheries/
2008,1,0,a-1,http://www.pcouncil.org/salmon/background/document-library/historical-data-of-ocean-salmon-fisheries/
2009,1,0,a-1,http://www.pcouncil.org/salmon/background/document-library/historical-data-of-ocean-salmon-fisheries/
2010,1,12553,a-1,http://www.pcouncil.org/salmon/background/document-library/historical-data-of-ocean-salmon-fisheries/
2011,1,41702,a-1,http://www.pcouncil.org/salmon/background/document-library/historical-data-of-ocean-salmon-fisheries/
2012,1,43513,a-1,http://www.pcouncil.org/salmon/background/document-library/historical-data-of-ocean-salmon-fisheries/
2013,1,126336,a-1,http://www.pcouncil.org/salmon/background/document-library/historical-data-of-ocean-salmon-fisheries/
2014,1,77551,a-1,http://www.pcouncil.org/salmon/background/document-library/historical-data-of-ocean-salmon-fisheries/
2015,1,60003,a-1,http://www.pcouncil.org/salmon/background/document-library/historical-data-of-ocean-salmon-fisheries/
1976,1,68567,a-5,http://www.pcouncil.org/salmon/background/document-library/historical-data-of-ocean-salmon-fisheries/
1977,1,76600,a-5,http://www.pcouncil.org/salmon/background/document-library/historical-data-of-ocean-salmon-fisheries/
1978,1,65894,a-5,http://www.pcouncil.org/salmon/background/document-library/historical-data-of-ocean-salmon-fisheries/
1979,1,108476,a-5,http://www.pcouncil.org/salmon/background/document-library/historical-data-of-ocean-salmon-fisheries/
1980,1,77113,a-5,http://www.pcouncil.org/salmon/background/document-library/historical-data-of-ocean-salmon-fisheries/
1981,1,73827,a-5,http://www.pcouncil.org/salmon/background/document-library/historical-data-of-ocean-salmon-fisheries/
1982,1,122496,a-5,http://www.pcouncil.org/salmon/background/document-library/historical-data-of-ocean-salmon-fisheries/
1983,1,52960,a-5,http://www.pcouncil.org/salmon/background/document-library/historical-data-of-ocean-salmon-fisheries/
1984,1,78670,a-5,http://www.pcouncil.org/salmon/background/document-library/historical-data-of-ocean-salmon-fisheries/
1985,1,121751,a-5,http://www.pcouncil.org/salmon/background/document-library/historical-data-of-ocean-salmon-fisheries/
1986,1,114813,a-5,http://www.pcouncil.org/salmon/background/document-library/historical-data-of-ocean-salmon-fisheries/
1987,1,152846,a-5,http://www.pcouncil.org/salmon/background/document-library/historical-data-of-ocean-salmon-fisheries/
1988,1,130374,a-5,http://www.pcouncil.org/salmon/background/document-library/historical-data-of-ocean-salmon-fisheries/
1989,1,130907,a-5,http://www.pcouncil.org/salmon/background/document-library/historical-data-of-ocean-salmon-fisheries/
1990,1,112615,a-5,http://www.pcouncil.org/salmon/background/document-library/historical-data-of-ocean-salmon-fisheries/
1991,1,62104,a-5,http://www.pcouncil.org/salmon/background/document-library/historical-data-of-ocean-salmon-fisheries/
1992,1,66719,a-5,http://www.pcouncil.org/salmon/background/document-library/historical-data-of-ocean-salmon-fisheries/
1993,1,99317,a-5,http://www.pcouncil.org/salmon/background/document-library/historical-data-of-ocean-salmon-fisheries/
1994,1,165812,a-5,http://www.pcouncil.org/salmon/background/document-library/historical-data-of-ocean-salmon-fisheries/
1995,1,354552,a-5,http://www.pcouncil.org/salmon/background/document-library/historical-data-of-ocean-salmon-fisheries/
1996,1,129283,a-5,http://www.pcouncil.org/salmon/background/document-library/historical-data-of-ocean-salmon-fisheries/
1997,1,208401,a-5,http://www.pcouncil.org/salmon/background/document-library/historical-data-of-ocean-salmon-fisheries/
1998,1,114437,a-5,http://www.pcouncil.org/salmon/background/document-library/historical-data-of-ocean-salmon-fisheries/
1999,1,76391,a-5,http://www.pcouncil.org/salmon/background/document-library/historical-data-of-ocean-salmon-fisheries/
2000,1,146435,a-5,http://www.pcouncil.org/salmon/background/document-library/historical-data-of-ocean-salmon-fisheries/
2001,1,59895,a-5,http://www.pcouncil.org/salmon/background/document-library/historical-data-of-ocean-salmon-fisheries/
2002,1,134711,a-5,http://www.pcouncil.org/salmon/background/document-library/historical-data-of-ocean-salmon-fisheries/
2003,1,69742,a-5,http://www.pcouncil.org/salmon/background/document-library/historical-data-of-ocean-salmon-fisheries/
2004,1,175065,a-5,http://www.pcouncil.org/salmon/background/document-library/historical-data-of-ocean-salmon-fisheries/
2005,1,103530,a-5,http://www.pcouncil.org/salmon/background/document-library/historical-data-of-ocean-salmon-fisheries/
2006,1,65896,a-5,http://www.pcouncil.org/salmon/background/document-library/historical-data-of-ocean-salmon-fisheries/
2007,1,23057,a-5,http://www.pcouncil.org/salmon/background/document-library/historical-data-of-ocean-salmon-fisheries/
2008,1,0,a-5,http://www.pcouncil.org/salmon/background/document-library/historical-data-of-ocean-salmon-fisheries/
2009,1,0,a-5,http://www.pcouncil.org/salmon/background/document-library/historical-data-of-ocean-salmon-fisheries/
2010,1,12411,a-5,http://www.pcouncil.org/salmon/background/document-library/historical-data-of-ocean-salmon-fisheries/
2011,1,32437,a-5,http://www.pcouncil.org/salmon/background/document-library/historical-data-of-ocean-salmon-fisheries/
2012,1,76553,a-5,http://www.pcouncil.org/salmon/background/document-library/historical-data-of-ocean-salmon-fisheries/
2013,1,71925,a-5,http://www.pcouncil.org/salmon/background/document-library/historical-data-of-ocean-salmon-fisheries/
2014,1,46473,a-5,http://www.pcouncil.org/salmon/background/document-library/historical-data-of-ocean-salmon-fisheries/
2015,1,28255,a-5,http://www.pcouncil.org/salmon/background/document-library/historical-data-of-ocean-salmon-fisheries/
1978,2,264229,a-1,http://www.pcouncil.org/salmon/background/document-library/historical-data-of-ocean-salmon-fisheries/
1979,2,264229,a-1,http://www.pcouncil.org/salmon/background/document-library/historical-data-of-ocean-salmon-fisheries/
1980,2,264229,a-1,http://www.pcouncil.org/salmon/background/document-library/historical-data-of-ocean-salmon-fisheries/
1981,2,265651,a-1,http://www.pcouncil.org/salmon/background/document-library/historical-data-of-ocean-salmon-fisheries/
1982,2,265651,a-1,http://www.pcouncil.org/salmon/background/document-library/historical-data-of-ocean-salmon-fisheries/
1983,2,265651,a-1,http://www.pcouncil.org/salmon/background/document-library/historical-data-of-ocean-salmon-fisheries/
1984,2,265651,a-1,http://www.pcouncil.org/salmon/background/document-library/historical-data-of-ocean-salmon-fisheries/
1985,2,265651,a-1,http://www.pcouncil.org/salmon/background/document-library/historical-data-of-ocean-salmon-fisheries/
1986,2,495961,a-1,http://www.pcouncil.org/salmon/background/document-library/historical-data-of-ocean-salmon-fisheries/
1987,2,495961,a-1,http://www.pcouncil.org/salmon/background/document-library/historical-data-of-ocean-salmon-fisheries/
1988,2,495961,a-1,http://www.pcouncil.org/salmon/background/document-library/historical-data-of-ocean-salmon-fisheries/
1989,2,495961,a-1,http://www.pcouncil.org/salmon/background/document-library/historical-data-of-ocean-salmon-fisheries/
1990,2,495961,a-1,http://www.pcouncil.org/salmon/background/document-library/historical-data-of-ocean-salmon-fisheries/
1991,2,327105,a-1,http://www.pcouncil.org/salmon/background/document-library/historical-data-of-ocean-salmon-fisheries/
1992,2,327105,a-1,http://www.pcouncil.org/salmon/background/document-library/historical-data-of-ocean-salmon-fisheries/
1993,2,327105,a-1,http://www.pcouncil.org/salmon/background/document-library/historical-data-of-ocean-salmon-fisheries/
1994,2,327105,a-1,http://www.pcouncil.org/salmon/background/document-library/historical-data-of-ocean-salmon-fisheries/
1995,2,327105,a-1,http://www.pcouncil.org/salmon/background/document-library/historical-data-of-ocean-salmon-fisheries/
1996,2,351967,a-1,http://www.pcouncil.org/salmon/background/document-library/historical-data-of-ocean-salmon-fisheries/
1997,2,351967,a-1,http://www.pcouncil.org/salmon/background/document-library/historical-data-of-ocean-salmon-fisheries/
1998,2,351967,a-1,http://www.pcouncil.org/salmon/background/document-library/historical-data-of-ocean-salmon-fisheries/
1999,2,351967,a-1,http://www.pcouncil.org/salmon/background/document-library/historical-data-of-ocean-salmon-fisheries/
2000,2,351967,a-1,http://www.pcouncil.org/salmon/background/document-library/historical-data-of-ocean-salmon-fisheries/
2001,2,275054,a-1,http://www.pcouncil.org/salmon/background/document-library/historical-data-of-ocean-salmon-fisheries/
2002,2,275054,a-1,http://www.pcouncil.org/salmon/background/document-library/historical-data-of-ocean-salmon-fisheries/
2003,2,275054,a-1,http://www.pcouncil.org/salmon/background/document-library/historical-data-of-ocean-salmon-fisheries/
2004,2,275054,a-1,http://www.pcouncil.org/salmon/background/document-library/historical-data-of-ocean-salmon-fisheries/
2005,2,275054,a-1,http://www.pcouncil.org/salmon/background/document-library/historical-data-of-ocean-salmon-fisheries/
2006,2,58893,a-1,http://www.pcouncil.org/salmon/background/document-library/historical-data-of-ocean-salmon-fisheries/
2007,2,89263,a-1,http://www.pcouncil.org/salmon/background/document-library/historical-data-of-ocean-salmon-fisheries/
2008,2,0,a-1,http://www.pcouncil.org/salmon/background/document-library/historical-data-of-ocean-salmon-fisheries/
2009,2,0,a-1,http://www.pcouncil.org/salmon/background/document-library/historical-data-of-ocean-salmon-fisheries/
2010,2,2535,a-1,http://www.pcouncil.org/salmon/background/document-library/historical-data-of-ocean-salmon-fisheries/
2011,2,28326,a-1,http://www.pcouncil.org/salmon/background/document-library/historical-data-of-ocean-salmon-fisheries/
2012,2,172072,a-1,http://www.pcouncil.org/salmon/background/document-library/historical-data-of-ocean-salmon-fisheries/
2013,2,171291,a-1,http://www.pcouncil.org/salmon/background/document-library/historical-data-of-ocean-salmon-fisheries/
2014,2,90732,a-1,http://www.pcouncil.org/salmon/background/document-library/historical-data-of-ocean-salmon-fisheries/
2015,2,49899,a-1,http://www.pcouncil.org/salmon/background/document-library/historical-data-of-ocean-salmon-fisheries/
1976,2,12426,a-5,http://www.pcouncil.org/salmon/background/document-library/historical-data-of-ocean-salmon-fisheries/
1977,2,26984,a-5,http://www.pcouncil.org/salmon/background/document-library/historical-data-of-ocean-salmon-fisheries/
1978,2,6828,a-5,http://www.pcouncil.org/salmon/background/document-library/historical-data-of-ocean-salmon-fisheries/
1979,2,11152,a-5,http://www.pcouncil.org/salmon/background/document-library/historical-data-of-ocean-salmon-fisheries/
1980,2,8072,a-5,http://www.pcouncil.org/salmon/background/document-library/historical-data-of-ocean-salmon-fisheries/
1981,2,10200,a-5,http://www.pcouncil.org/salmon/background/document-library/historical-data-of-ocean-salmon-fisheries/
1982,2,16228,a-5,http://www.pcouncil.org/salmon/background/document-library/historical-data-of-ocean-salmon-fisheries/
1983,2,10862,a-5,http://www.pcouncil.org/salmon/background/document-library/historical-data-of-ocean-salmon-fisheries/
1984,2,9133,a-5,http://www.pcouncil.org/salmon/background/document-library/historical-data-of-ocean-salmon-fisheries/
1985,2,49358,a-5,http://www.pcouncil.org/salmon/background/document-library/historical-data-of-ocean-salmon-fisheries/
1986,2,26803,a-5,http://www.pcouncil.org/salmon/background/document-library/historical-data-of-ocean-salmon-fisheries/
1987,2,39697,a-5,http://www.pcouncil.org/salmon/background/document-library/historical-data-of-ocean-salmon-fisheries/
1988,2,40987,a-5,http://www.pcouncil.org/salmon/background/document-library/historical-data-of-ocean-salmon-fisheries/
1989,2,55720,a-5,http://www.pcouncil.org/salmon/background/document-library/historical-data-of-ocean-salmon-fisheries/
1990,2,27214,a-5,http://www.pcouncil.org/salmon/background/document-library/historical-data-of-ocean-salmon-fisheries/
1991,2,18729,a-5,http://www.pcouncil.org/salmon/background/document-library/historical-data-of-ocean-salmon-fisheries/
1992,2,6858,a-5,http://www.pcouncil.org/salmon/background/document-library/historical-data-of-ocean-salmon-fisheries/
1993,2,10707,a-5,http://www.pcouncil.org/salmon/background/document-library/historical-data-of-ocean-salmon-fisheries/
1994,2,24003,a-5,http://www.pcouncil.org/salmon/background/document-library/historical-data-of-ocean-salmon-fisheries/
1995,2,42679,a-5,http://www.pcouncil.org/salmon/background/document-library/historical-data-of-ocean-salmon-fisheries/
1996,2,34749,a-5,http://www.pcouncil.org/salmon/background/document-library/historical-data-of-ocean-salmon-fisheries/
1997,2,20567,a-5,http://www.pcouncil.org/salmon/background/document-library/historical-data-of-ocean-salmon-fisheries/
1998,2,7576,a-5,http://www.pcouncil.org/salmon/background/document-library/historical-data-of-ocean-salmon-fisheries/
1999,2,11454,a-5,http://www.pcouncil.org/salmon/background/document-library/historical-data-of-ocean-salmon-fisheries/
2000,2,39416,a-5,http://www.pcouncil.org/salmon/background/document-library/historical-data-of-ocean-salmon-fisheries/
2001,2,38888,a-5,http://www.pcouncil.org/salmon/background/document-library/historical-data-of-ocean-salmon-fisheries/
2002,2,47333,a-5,http://www.pcouncil.org/salmon/background/document-library/historical-data-of-ocean-salmon-fisheries/
2003,2,24932,a-5,http://www.pcouncil.org/salmon/background/document-library/historical-data-of-ocean-salmon-fisheries/
2004,2,46049,a-5,http://www.pcouncil.org/salmon/background/document-library/historical-data-of-ocean-salmon-fisheries/
2005,2,39727,a-5,http://www.pcouncil.org/salmon/background/document-library/historical-data-of-ocean-salmon-fisheries/
2006,2,30396,a-5,http://www.pcouncil.org/salmon/background/document-library/historical-data-of-ocean-salmon-fisheries/
2007,2,24647,a-5,http://www.pcouncil.org/salmon/background/document-library/historical-data-of-ocean-salmon-fisheries/
2008,2,6,a-5,http://www.pcouncil.org/salmon/background/document-library/historical-data-of-ocean-salmon-fisheries/
2009,2,672,a-5,http://www.pcouncil.org/salmon/background/document-library/historical-data-of-ocean-salmon-fisheries/
2010,2,2398,a-5,http://www.pcouncil.org/salmon/background/document-library/historical-data-of-ocean-salmon-fisheries/
2011,2,17385,a-5,http://www.pcouncil.org/salmon/background/document-library/historical-data-of-ocean-salmon-fisheries/
2012,2,47373,a-5,http://www.pcouncil.org/salmon/background/document-library/historical-data-of-ocean-salmon-fisheries/
2013,2,44149,a-5,http://www.pcouncil.org/salmon/background/document-library/historical-data-of-ocean-salmon-fisheries/
2014,2,28367,a-5,http://www.pcouncil.org/salmon/background/document-library/historical-data-of-ocean-salmon-fisheries/
2015,2,9186,a-5,http://www.pcouncil.org/salmon/background/document-library/historical-data-of-ocean-salmon-fisheries/
1952,2,247747,a-8,http://www.pcouncil.org/salmon/background/document-library/historical-data-of-ocean-salmon-fisheries/
1953,2,150922,a-8,http://www.pcouncil.org/salmon/background/document-library/historical-data-of-ocean-salmon-fisheries/
1954,2,197396,a-8,http://www.pcouncil.org/salmon/background/document-library/historical-data-of-ocean-salmon-fisheries/
1955,2,309876,a-8,http://www.pcouncil.org/salmon/background/document-library/historical-data-of-ocean-salmon-fisheries/
1956,2,343045,a-8,http://www.pcouncil.org/salmon/background/document-library/historical-data-of-ocean-salmon-fisheries/
1957,2,256917,a-8,http://www.pcouncil.org/salmon/background/document-library/historical-data-of-ocean-salmon-fisheries/
1958,2,174876,a-8,http://www.pcouncil.org/salmon/background/document-library/historical-data-of-ocean-salmon-fisheries/
1959,2,53857,a-8,http://www.pcouncil.org/salmon/background/document-library/historical-data-of-ocean-salmon-fisheries/
1960,2,127801,a-8,http://www.pcouncil.org/salmon/background/document-library/historical-data-of-ocean-salmon-fisheries/
1961,2,116116,a-8,http://www.pcouncil.org/salmon/background/document-library/historical-data-of-ocean-salmon-fisheries/
1962,2,52527,a-8,http://www.pcouncil.org/salmon/background/document-library/historical-data-of-ocean-salmon-fisheries/
1963,2,152474,a-8,http://www.pcouncil.org/salmon/background/document-library/historical-data-of-ocean-salmon-fisheries/
1964,2,67429,a-8,http://www.pcouncil.org/salmon/background/document-library/historical-data-of-ocean-salmon-fisheries/
1965,2,57651,a-8,http://www.pcouncil.org/salmon/background/document-library/historical-data-of-ocean-salmon-fisheries/
1966,2,95317,a-8,http://www.pcouncil.org/salmon/background/document-library/historical-data-of-ocean-salmon-fisheries/
1967,2,99715,a-8,http://www.pcouncil.org/salmon/background/document-library/historical-data-of-ocean-salmon-fisheries/
1968,2,110150,a-8,http://www.pcouncil.org/salmon/background/document-library/historical-data-of-ocean-salmon-fisheries/
1969,2,140275,a-8,http://www.pcouncil.org/salmon/background/document-library/historical-data-of-ocean-salmon-fisheries/
1970,2,164688,a-8,http://www.pcouncil.org/salmon/background/document-library/historical-data-of-ocean-salmon-fisheries/
1971,2,102926,a-8,http://www.pcouncil.org/salmon/background/document-library/historical-data-of-ocean-salmon-fisheries/
1972,2,127287,a-8,http://www.pcouncil.org/salmon/background/document-library/historical-data-of-ocean-salmon-fisheries/
1973,2,363267,a-8,http://www.pcouncil.org/salmon/background/document-library/historical-data-of-ocean-salmon-fisheries/
1974,2,224110,a-8,http://www.pcouncil.org/salmon/background/document-library/historical-data-of-ocean-salmon-fisheries/
1975,2,224708,a-8,http://www.pcouncil.org/salmon/background/document-library/historical-data-of-ocean-salmon-fisheries/
1976,2,184345,a-8,http://www.pcouncil.org/salmon/background/document-library/historical-data-of-ocean-salmon-fisheries/
1977,2,340014,a-8,http://www.pcouncil.org/salmon/background/document-library/historical-data-of-ocean-salmon-fisheries/
1978,2,191532,a-8,http://www.pcouncil.org/salmon/background/document-library/historical-data-of-ocean-salmon-fisheries/
1979,2,241973,a-8,http://www.pcouncil.org/salmon/background/document-library/historical-data-of-ocean-salmon-fisheries/
1980,2,205297,a-8,http://www.pcouncil.org/salmon/background/document-library/historical-data-of-ocean-salmon-fisheries/
1981,2,155595,a-8,http://www.pcouncil.org/salmon/background/document-library/historical-data-of-ocean-salmon-fisheries/
1982,2,222131,a-8,http://www.pcouncil.org/salmon/background/document-library/historical-data-of-ocean-salmon-fisheries/
1983,2,75049,a-8,http://www.pcouncil.org/salmon/background/document-library/historical-data-of-ocean-salmon-fisheries/
1984,2,61935,a-8,http://www.pcouncil.org/salmon/background/document-library/historical-data-of-ocean-salmon-fisheries/
1985,2,212805,a-8,http://www.pcouncil.org/salmon/background/document-library/historical-data-of-ocean-salmon-fisheries/
1986,2,401870,a-8,http://www.pcouncil.org/salmon/background/document-library/historical-data-of-ocean-salmon-fisheries/
1987,2,523816,a-8,http://www.pcouncil.org/salmon/background/document-library/historical-data-of-ocean-salmon-fisheries/
1988,2,463592,a-8,http://www.pcouncil.org/salmon/background/document-library/historical-data-of-ocean-salmon-fisheries/
1989,2,353246,a-8,http://www.pcouncil.org/salmon/background/document-library/historical-data-of-ocean-salmon-fisheries/
1990,2,232109,a-8,http://www.pcouncil.org/salmon/background/document-library/historical-data-of-ocean-salmon-fisheries/
1991,2,74447,a-8,http://www.pcouncil.org/salmon/background/document-library/historical-data-of-ocean-salmon-fisheries/
1992,2,109740,a-8,http://www.pcouncil.org/salmon/background/document-library/historical-data-of-ocean-salmon-fisheries/
1993,2,81517,a-8,http://www.pcouncil.org/salmon/background/document-library/historical-data-of-ocean-salmon-fisheries/
1994,2,25230,a-8,http://www.pcouncil.org/salmon/background/document-library/historical-data-of-ocean-salmon-fisheries/
1995,2,213789,a-8,http://www.pcouncil.org/salmon/background/document-library/historical-data-of-ocean-salmon-fisheries/
1996,2,175209,a-8,http://www.pcouncil.org/salmon/background/document-library/historical-data-of-ocean-salmon-fisheries/
1997,2,149759,a-8,http://www.pcouncil.org/salmon/background/document-library/historical-data-of-ocean-salmon-fisheries/
1998,2,124211,a-8,http://www.pcouncil.org/salmon/background/document-library/historical-data-of-ocean-salmon-fisheries/
1999,2,62533,a-8,http://www.pcouncil.org/salmon/background/document-library/historical-data-of-ocean-salmon-fisheries/
2000,2,135903,a-8,http://www.pcouncil.org/salmon/background/document-library/historical-data-of-ocean-salmon-fisheries/
2001,2,274963,a-8,http://www.pcouncil.org/salmon/background/document-library/historical-data-of-ocean-salmon-fisheries/
2002,2,304189,a-8,http://www.pcouncil.org/salmon/background/document-library/historical-data-of-ocean-salmon-fisheries/
2003,2,329678,a-8,http://www.pcouncil.org/salmon/background/document-library/historical-data-of-ocean-salmon-fisheries/
2004,2,252709,a-8,http://www.pcouncil.org/salmon/background/document-library/historical-data-of-ocean-salmon-fisheries/
2005,2,251295,a-8,http://www.pcouncil.org/salmon/background/document-library/historical-data-of-ocean-salmon-fisheries/
2006,2,34857,a-8,http://www.pcouncil.org/salmon/background/document-library/historical-data-of-ocean-salmon-fisheries/
2007,2,35487,a-8,http://www.pcouncil.org/salmon/background/document-library/historical-data-of-ocean-salmon-fisheries/
2008,2,5954,a-8,http://www.pcouncil.org/salmon/background/document-library/historical-data-of-ocean-salmon-fisheries/
2009,2,1149,a-8,http://www.pcouncil.org/salmon/background/document-library/historical-data-of-ocean-salmon-fisheries/
2010,2,39433,a-8,http://www.pcouncil.org/salmon/background/document-library/historical-data-of-ocean-salmon-fisheries/
2011,2,32081,a-8,http://www.pcouncil.org/salmon/background/document-library/historical-data-of-ocean-salmon-fisheries/
2012,2,73101,a-8,http://www.pcouncil.org/salmon/background/document-library/historical-data-of-ocean-salmon-fisheries/
2013,2,112757,a-8,http://www.pcouncil.org/salmon/background/document-library/historical-data-of-ocean-salmon-fisheries/
2014,2,208096,a-8,http://www.pcouncil.org/salmon/background/document-library/historical-data-of-ocean-salmon-fisheries/
2015,2,104031,a-8,http://www.pcouncil.org/salmon/background/document-library/historical-data-of-ocean-salmon-fisheries/
1976,2,79066,a-10,http://www.pcouncil.org/salmon/background/document-library/historical-data-of-ocean-salmon-fisheries/
1977,2,58092,a-10,http://www.pcouncil.org/salmon/background/document-library/historical-data-of-ocean-salmon-fisheries/
1978,2,22795,a-10,http://www.pcouncil.org/salmon/background/document-library/historical-data-of-ocean-salmon-fisheries/
1979,2,20902,a-10,http://www.pcouncil.org/salmon/background/document-library/historical-data-of-ocean-salmon-fisheries/
1980,2,19014,a-10,http://www.pcouncil.org/salmon/background/document-library/historical-data-of-ocean-salmon-fisheries/
1981,2,29175,a-10,http://www.pcouncil.org/salmon/background/document-library/historical-data-of-ocean-salmon-fisheries/
1982,2,38716,a-10,http://www.pcouncil.org/salmon/background/document-library/historical-data-of-ocean-salmon-fisheries/
1983,2,24677,a-10,http://www.pcouncil.org/salmon/background/document-library/historical-data-of-ocean-salmon-fisheries/
1984,2,16992,a-10,http://www.pcouncil.org/salmon/background/document-library/historical-data-of-ocean-salmon-fisheries/
1985,2,55867,a-10,http://www.pcouncil.org/salmon/background/document-library/historical-data-of-ocean-salmon-fisheries/
1986,2,22378,a-10,http://www.pcouncil.org/salmon/background/document-library/historical-data-of-ocean-salmon-fisheries/
1987,2,59195,a-10,http://www.pcouncil.org/salmon/background/document-library/historical-data-of-ocean-salmon-fisheries/
1988,2,38320,a-10,http://www.pcouncil.org/salmon/background/document-library/historical-data-of-ocean-salmon-fisheries/
1989,2,32123,a-10,http://www.pcouncil.org/salmon/background/document-library/historical-data-of-ocean-salmon-fisheries/
1990,2,26548,a-10,http://www.pcouncil.org/salmon/background/document-library/historical-data-of-ocean-salmon-fisheries/
1991,2,14416,a-10,http://www.pcouncil.org/salmon/background/document-library/historical-data-of-ocean-salmon-fisheries/
1992,2,12573,a-10,http://www.pcouncil.org/salmon/background/document-library/historical-data-of-ocean-salmon-fisheries/
1993,2,6420,a-10,http://www.pcouncil.org/salmon/background/document-library/historical-data-of-ocean-salmon-fisheries/
1994,2,6037,a-10,http://www.pcouncil.org/salmon/background/document-library/historical-data-of-ocean-salmon-fisheries/
1995,2,6726,a-10,http://www.pcouncil.org/salmon/background/document-library/historical-data-of-ocean-salmon-fisheries/
1996,2,11210,a-10,http://www.pcouncil.org/salmon/background/document-library/historical-data-of-ocean-salmon-fisheries/
1997,2,7678,a-10,http://www.pcouncil.org/salmon/background/document-library/historical-data-of-ocean-salmon-fisheries/
1998,2,4086,a-10,http://www.pcouncil.org/salmon/background/document-library/historical-data-of-ocean-salmon-fisheries/
1999,2,7721,a-10,http://www.pcouncil.org/salmon/background/document-library/historical-data-of-ocean-salmon-fisheries/
2000,2,25460,a-10,http://www.pcouncil.org/salmon/background/document-library/historical-data-of-ocean-salmon-fisheries/
2001,2,27200,a-10,http://www.pcouncil.org/salmon/background/document-library/historical-data-of-ocean-salmon-fisheries/
2002,2,47480,a-10,http://www.pcouncil.org/salmon/background/document-library/historical-data-of-ocean-salmon-fisheries/
2003,2,40654,a-10,http://www.pcouncil.org/salmon/background/document-library/historical-data-of-ocean-salmon-fisheries/
2004,2,56433,a-10,http://www.pcouncil.org/salmon/background/document-library/historical-data-of-ocean-salmon-fisheries/
2005,2,27945,a-10,http://www.pcouncil.org/salmon/background/document-library/historical-data-of-ocean-salmon-fisheries/
2006,2,11588,a-10,http://www.pcouncil.org/salmon/background/document-library/historical-data-of-ocean-salmon-fisheries/
2007,2,6941,a-10,http://www.pcouncil.org/salmon/background/document-library/historical-data-of-ocean-salmon-fisheries/
2008,2,1578,a-10,http://www.pcouncil.org/salmon/background/document-library/historical-data-of-ocean-salmon-fisheries/
2009,2,1585,a-10,http://www.pcouncil.org/salmon/background/document-library/historical-data-of-ocean-salmon-fisheries/
2010,2,4967,a-10,http://www.pcouncil.org/salmon/background/document-library/historical-data-of-ocean-salmon-fisheries/
2011,2,5164,a-10,http://www.pcouncil.org/salmon/background/document-library/historical-data-of-ocean-salmon-fisheries/
2012,2,18794,a-10,http://www.pcouncil.org/salmon/background/document-library/historical-data-of-ocean-salmon-fisheries/
2013,2,30234,a-10,http://www.pcouncil.org/salmon/background/document-library/historical-data-of-ocean-salmon-fisheries/
2014,2,18480,a-10,http://www.pcouncil.org/salmon/background/document-library/historical-data-of-ocean-salmon-fisheries/
2015,2,9442,a-10,http://www.pcouncil.org/salmon/background/document-library/historical-data-of-ocean-salmon-fisheries/
1975,3,357870,Table A21,"PSC, REPORT TCCHINOOK (16)-3"
1976,3,330927,Table A21,"PSC, REPORT TCCHINOOK (16)-3"
1977,3,314438,Table A21,"PSC, REPORT TCCHINOOK (16)-3"
1978,3,245682,Table A21,"PSC, REPORT TCCHINOOK (16)-3"
1979,3,216256,Table A21,"PSC, REPORT TCCHINOOK (16)-3"
1980,3,164184,Table A21,"PSC, REPORT TCCHINOOK (16)-3"
1981,3,111222,Table A21,"PSC, REPORT TCCHINOOK (16)-3"
1982,3,192749,Table A21,"PSC, REPORT TCCHINOOK (16)-3"
1983,3,90119,Table A21,"PSC, REPORT TCCHINOOK (16)-3"
1984,3,179069,Table A21,"PSC, REPORT TCCHINOOK (16)-3"
1985,3,200862,Table A21,"PSC, REPORT TCCHINOOK (16)-3"
1986,3,344609,Table A21,"PSC, REPORT TCCHINOOK (16)-3"
1987,3,600935,Table A21,"PSC, REPORT TCCHINOOK (16)-3"
1988,3,604429,Table A21,"PSC, REPORT TCCHINOOK (16)-3"
1989,3,380686,Table A21,"PSC, REPORT TCCHINOOK (16)-3"
1990,3,238386,Table A21,"PSC, REPORT TCCHINOOK (16)-3"
1991,3,194126,Table A21,"PSC, REPORT TCCHINOOK (16)-3"
1992,3,120096,Table A21,"PSC, REPORT TCCHINOOK (16)-3"
1993,3,136440,Table A21,"PSC, REPORT TCCHINOOK (16)-3"
1994,3,69040,Table A21,"PSC, REPORT TCCHINOOK (16)-3"
1995,3,80181,Table A21,"PSC, REPORT TCCHINOOK (16)-3"
1996,3,120402,Table A21,"PSC, REPORT TCCHINOOK (16)-3"
1997,3,133725,Table A21,"PSC, REPORT TCCHINOOK (16)-3"
1998,3,89161,Table A21,"PSC, REPORT TCCHINOOK (16)-3"
1999,3,136348,Table A21,"PSC, REPORT TCCHINOOK (16)-3"
2000,3,133725,Table A21,"PSC, REPORT TCCHINOOK (16)-3"
2001,3,378365,Table A21,"PSC, REPORT TCCHINOOK (16)-3"
2002,3,408286,Table A21,"PSC, REPORT TCCHINOOK (16)-3"
2003,3,374764,Table A21,"PSC, REPORT TCCHINOOK (16)-3"
2004,3,385010,Table A21,"PSC, REPORT TCCHINOOK (16)-3"
2005,3,270575,Table A21,"PSC, REPORT TCCHINOOK (16)-3"
2006,3,226798,Table A21,"PSC, REPORT TCCHINOOK (16)-3"
2007,3,141477,Table A21,"PSC, REPORT TCCHINOOK (16)-3"
2008,3,283218,Table A21,"PSC, REPORT TCCHINOOK (16)-3"
2009,3,262279,Table A21,"PSC, REPORT TCCHINOOK (16)-3"
2010,3,465346,Table A21,"PSC, REPORT TCCHINOOK (16)-3"
2011,3,419964,Table A21,"PSC, REPORT TCCHINOOK (16)-3"
2012,3,384069,Table A21,"PSC, REPORT TCCHINOOK (16)-3"
2013,3,533151,Table A21,"PSC, REPORT TCCHINOOK (16)-3"
2014,3,631041,Table A21,"PSC, REPORT TCCHINOOK (16)-3"
2015,3,677101,Table A21,"PSC, REPORT TCCHINOOK (16)-3"
1975,4,535968,Table A20,"PSC, REPORT TCCHINOOK (16)-3"
1976,4,586761,Table A20,"PSC, REPORT TCCHINOOK (16)-3"
1977,4,442058,Table A20,"PSC, REPORT TCCHINOOK (16)-3"
1978,4,254983,Table A20,"PSC, REPORT TCCHINOOK (16)-3"
1979,4,218015,Table A20,"PSC, REPORT TCCHINOOK (16)-3"
1980,4,186023,Table A20,"PSC, REPORT TCCHINOOK (16)-3"
1981,4,205879,Table A20,"PSC, REPORT TCCHINOOK (16)-3"
1982,4,269939,Table A20,"PSC, REPORT TCCHINOOK (16)-3"
1983,4,115435,Table A20,"PSC, REPORT TCCHINOOK (16)-3"
1984,4,22372,Table A20,"PSC, REPORT TCCHINOOK (16)-3"
1985,4,86090,Table A20,"PSC, REPORT TCCHINOOK (16)-3"
1986,4,75000,Table A20,"PSC, REPORT TCCHINOOK (16)-3"
1987,4,129000,Table A20,"PSC, REPORT TCCHINOOK (16)-3"
1988,4,130000,Table A20,"PSC, REPORT TCCHINOOK (16)-3"
1989,4,96500,Table A20,"PSC, REPORT TCCHINOOK (16)-3"
1990,4,98700,Table A20,"PSC, REPORT TCCHINOOK (16)-3"
1991,4,64900,Table A20,"PSC, REPORT TCCHINOOK (16)-3"
1992,4,87900,Table A20,"PSC, REPORT TCCHINOOK (16)-3"
1993,4,69500,Table A20,"PSC, REPORT TCCHINOOK (16)-3"
1994,4,4500,Table A20,"PSC, REPORT TCCHINOOK (16)-3"
1995,4,10100,Table A20,"PSC, REPORT TCCHINOOK (16)-3"
1996,4,12500,Table A20,"PSC, REPORT TCCHINOOK (16)-3"
1997,4,24600,Table A20,"PSC, REPORT TCCHINOOK (16)-3"
1998,4,22907,Table A20,"PSC, REPORT TCCHINOOK (16)-3"
1999,4,55744,Table A20,"PSC, REPORT TCCHINOOK (16)-3"
2000,4,29394,Table A20,"PSC, REPORT TCCHINOOK (16)-3"
2001,4,79755,Table A20,"PSC, REPORT TCCHINOOK (16)-3"
2002,4,167037,Table A20,"PSC, REPORT TCCHINOOK (16)-3"
2003,4,138271,Table A20,"PSC, REPORT TCCHINOOK (16)-3"
2004,4,115315,Table A20,"PSC, REPORT TCCHINOOK (16)-3"
2005,4,127130,Table A20,"PSC, REPORT TCCHINOOK (16)-3"
2006,4,68489,Table A20,"PSC, REPORT TCCHINOOK (16)-3"
2007,4,48277,Table A20,"PSC, REPORT TCCHINOOK (16)-3"
2008,4,50552,Table A20,"PSC, REPORT TCCHINOOK (16)-3"
2009,4,38741,Table A20,"PSC, REPORT TCCHINOOK (16)-3"
2010,4,127251,Table A20,"PSC, REPORT TCCHINOOK (16)-3"
2011,4,92259,Table A20,"PSC, REPORT TCCHINOOK (16)-3"
2012,4,135220,Table A20,"PSC, REPORT TCCHINOOK (16)-3"
2013,4,122752,Table A20,"PSC, REPORT TCCHINOOK (16)-3"
2014,4,158816,Table A20,"PSC, REPORT TCCHINOOK (16)-3"
2015,4,167563,Table A20,"PSC, REPORT TCCHINOOK (16)-3"
1975,5,572001,Table A13,"PSC, REPORT TCCHINOOK (16)-3"
1976,5,690229,Table A13,"PSC, REPORT TCCHINOOK (16)-3"
1977,5,620082,Table A13,"PSC, REPORT TCCHINOOK (16)-3"
1978,5,717955,Table A13,"PSC, REPORT TCCHINOOK (16)-3"
1979,5,605057,Table A13,"PSC, REPORT TCCHINOOK (16)-3"
1980,5,477177,Table A13,"PSC, REPORT TCCHINOOK (16)-3"
1981,5,436505,Table A13,"PSC, REPORT TCCHINOOK (16)-3"
1982,5,303430,Table A13,"PSC, REPORT TCCHINOOK (16)-3"
1983,5,303566,Table A13,"PSC, REPORT TCCHINOOK (16)-3"
1984,5,459725,Table A13,"PSC, REPORT TCCHINOOK (16)-3"
1985,5,290726,Table A13,"PSC, REPORT TCCHINOOK (16)-3"
1986,5,225939,Table A13,"PSC, REPORT TCCHINOOK (16)-3"
1987,5,159165,Table A13,"PSC, REPORT TCCHINOOK (16)-3"
1988,5,139341,Table A13,"PSC, REPORT TCCHINOOK (16)-3"
1989,5,161290,Table A13,"PSC, REPORT TCCHINOOK (16)-3"
1990,5,146218,Table A13,"PSC, REPORT TCCHINOOK (16)-3"
1991,5,147935,Table A13,"PSC, REPORT TCCHINOOK (16)-3"
1992,5,153831,Table A13,"PSC, REPORT TCCHINOOK (16)-3"
1993,5,160869,Table A13,"PSC, REPORT TCCHINOOK (16)-3"
1994,5,83755,Table A13,"PSC, REPORT TCCHINOOK (16)-3"
1995,5,62311,Table A13,"PSC, REPORT TCCHINOOK (16)-3"
1996,5,89611,Table A13,"PSC, REPORT TCCHINOOK (16)-3"
1997,5,57139,Table A13,"PSC, REPORT TCCHINOOK (16)-3"
1998,5,21237,Table A13,"PSC, REPORT TCCHINOOK (16)-3"
1999,5,43807,Table A13,"PSC, REPORT TCCHINOOK (16)-3"
2000,5,33359,Table A13,"PSC, REPORT TCCHINOOK (16)-3"
2001,5,31259,Table A13,"PSC, REPORT TCCHINOOK (16)-3"
2002,5,52979,Table A13,"PSC, REPORT TCCHINOOK (16)-3"
2003,5,19981,Table A13,"PSC, REPORT TCCHINOOK (16)-3"
2004,5,13475,Table A13,"PSC, REPORT TCCHINOOK (16)-3"
2005,5,11992,Table A13,"PSC, REPORT TCCHINOOK (16)-3"
2006,5,12181,Table A13,"PSC, REPORT TCCHINOOK (16)-3"
2007,5,14561,Table A13,"PSC, REPORT TCCHINOOK (16)-3"
2008,5,13684,Table A13,"PSC, REPORT TCCHINOOK (16)-3"
2009,5,18123,Table A13,"PSC, REPORT TCCHINOOK (16)-3"
2010,5,15041,Table A13,"PSC, REPORT TCCHINOOK (16)-3"
2011,5,24033,Table A13,"PSC, REPORT TCCHINOOK (16)-3"
2012,5,25553,Table A13,"PSC, REPORT TCCHINOOK (16)-3"
2013,5,25883,Table A13,"PSC, REPORT TCCHINOOK (16)-3"
2014,5,46279,Table A13,"PSC, REPORT TCCHINOOK (16)-3"
2015,5,59460,Table A13,"PSC, REPORT TCCHINOOK (16)-3"
1975,5,9799,Table A15,"PSC, REPORT TCCHINOOK (16)-3"
1976,5,13004,Table A15,"PSC, REPORT TCCHINOOK (16)-3"
1977,5,25344,Table A15,"PSC, REPORT TCCHINOOK (16)-3"
1978,5,9725,Table A15,"PSC, REPORT TCCHINOOK (16)-3"
1979,5,8665,Table A15,"PSC, REPORT TCCHINOOK (16)-3"
1980,5,41338,Table A15,"PSC, REPORT TCCHINOOK (16)-3"
1981,5,39814,Table A15,"PSC, REPORT TCCHINOOK (16)-3"
1982,5,37718,Table A15,"PSC, REPORT TCCHINOOK (16)-3"
1983,5,30556,Table A15,"PSC, REPORT TCCHINOOK (16)-3"
1984,5,30590,Table A15,"PSC, REPORT TCCHINOOK (16)-3"
1985,5,45007,Table A15,"PSC, REPORT TCCHINOOK (16)-3"
1986,5,52114,Table A15,"PSC, REPORT TCCHINOOK (16)-3"
1987,5,31660,Table A15,"PSC, REPORT TCCHINOOK (16)-3"
1988,5,35706,Table A15,"PSC, REPORT TCCHINOOK (16)-3"
1989,5,53777,Table A15,"PSC, REPORT TCCHINOOK (16)-3"
1990,5,37574,Table A15,"PSC, REPORT TCCHINOOK (16)-3"
1991,5,28160,Table A15,"PSC, REPORT TCCHINOOK (16)-3"
1992,5,31415,Table A15,"PSC, REPORT TCCHINOOK (16)-3"
1993,5,16571,Table A15,"PSC, REPORT TCCHINOOK (16)-3"
1994,5,23903,Table A15,"PSC, REPORT TCCHINOOK (16)-3"
1995,5,15787,Table A15,"PSC, REPORT TCCHINOOK (16)-3"
1996,5,19687,Table A15,"PSC, REPORT TCCHINOOK (16)-3"
1997,5,17779,Table A15,"PSC, REPORT TCCHINOOK (16)-3"
1998,5,11704,Table A15,"PSC, REPORT TCCHINOOK (16)-3"
1999,5,15631,Table A15,"PSC, REPORT TCCHINOOK (16)-3"
2000,5,11444,Table A15,"PSC, REPORT TCCHINOOK (16)-3"
2001,5,24037,Table A15,"PSC, REPORT TCCHINOOK (16)-3"
2002,5,24429,Table A15,"PSC, REPORT TCCHINOOK (16)-3"
2003,5,26922,Table A15,"PSC, REPORT TCCHINOOK (16)-3"
2004,5,41064,Table A15,"PSC, REPORT TCCHINOOK (16)-3"
2005,5,30633,Table A15,"PSC, REPORT TCCHINOOK (16)-3"
2006,5,26592,Table A15,"PSC, REPORT TCCHINOOK (16)-3"
2007,5,26687,Table A15,"PSC, REPORT TCCHINOOK (16)-3"
2008,5,22435,Table A15,"PSC, REPORT TCCHINOOK (16)-3"
2009,5,25972,Table A15,"PSC, REPORT TCCHINOOK (16)-3"
2010,5,15818,Table A15,"PSC, REPORT TCCHINOOK (16)-3"
2011,5,21353,Table A15,"PSC, REPORT TCCHINOOK (16)-3"
2012,5,22438,Table A15,"PSC, REPORT TCCHINOOK (16)-3"
2013,5,32636,Table A15,"PSC, REPORT TCCHINOOK (16)-3"
2014,5,20427,Table A15,"PSC, REPORT TCCHINOOK (16)-3"
2015,5,41309,Table A15,"PSC, REPORT TCCHINOOK (16)-3"
1975,5,95491,Table A16,"PSC, REPORT TCCHINOOK (16)-3"
1976,5,91866,Table A16,"PSC, REPORT TCCHINOOK (16)-3"
1977,5,78990,Table A16,"PSC, REPORT TCCHINOOK (16)-3"
1978,5,84977,Table A16,"PSC, REPORT TCCHINOOK (16)-3"
1979,5,88148,Table A16,"PSC, REPORT TCCHINOOK (16)-3"
1980,5,79856,Table A16,"PSC, REPORT TCCHINOOK (16)-3"
1981,5,88603,Table A16,"PSC, REPORT TCCHINOOK (16)-3"
1982,5,74284,Table A16,"PSC, REPORT TCCHINOOK (16)-3"
1983,5,93289,Table A16,"PSC, REPORT TCCHINOOK (16)-3"
1984,5,76185,Table A16,"PSC, REPORT TCCHINOOK (16)-3"
1985,5,69991,Table A16,"PSC, REPORT TCCHINOOK (16)-3"
1986,5,116574,Table A16,"PSC, REPORT TCCHINOOK (16)-3"
1987,5,109444,Table A16,"PSC, REPORT TCCHINOOK (16)-3"
1988,5,100447,Table A16,"PSC, REPORT TCCHINOOK (16)-3"
1989,5,128298,Table A16,"PSC, REPORT TCCHINOOK (16)-3"
1990,5,103056,Table A16,"PSC, REPORT TCCHINOOK (16)-3"
1991,5,80457,Table A16,"PSC, REPORT TCCHINOOK (16)-3"
1992,5,70819,Table A16,"PSC, REPORT TCCHINOOK (16)-3"
1993,5,44313,Table A16,"PSC, REPORT TCCHINOOK (16)-3"
1994,5,10975,Table A16,"PSC, REPORT TCCHINOOK (16)-3"
1995,5,17525,Table A16,"PSC, REPORT TCCHINOOK (16)-3"
1996,5,15339,Table A16,"PSC, REPORT TCCHINOOK (16)-3"
1997,5,13577,Table A16,"PSC, REPORT TCCHINOOK (16)-3"
1998,5,3132,Table A16,"PSC, REPORT TCCHINOOK (16)-3"
1999,5,3237,Table A16,"PSC, REPORT TCCHINOOK (16)-3"
2000,5,2817,Table A16,"PSC, REPORT TCCHINOOK (16)-3"
2001,5,7724,Table A16,"PSC, REPORT TCCHINOOK (16)-3"
2002,5,4885,Table A16,"PSC, REPORT TCCHINOOK (16)-3"
2003,5,6634,Table A16,"PSC, REPORT TCCHINOOK (16)-3"
2004,5,25868,Table A16,"PSC, REPORT TCCHINOOK (16)-3"
2005,5,8225,Table A16,"PSC, REPORT TCCHINOOK (16)-3"
2006,5,7745,Table A16,"PSC, REPORT TCCHINOOK (16)-3"
2007,5,11420,Table A16,"PSC, REPORT TCCHINOOK (16)-3"
2008,5,11239,Table A16,"PSC, REPORT TCCHINOOK (16)-3"
2009,5,14625,Table A16,"PSC, REPORT TCCHINOOK (16)-3"
2010,5,15944,Table A16,"PSC, REPORT TCCHINOOK (16)-3"
2011,5,13681,Table A16,"PSC, REPORT TCCHINOOK (16)-3"
2012,5,17748,Table A16,"PSC, REPORT TCCHINOOK (16)-3"
2013,5,18644,Table A16,"PSC, REPORT TCCHINOOK (16)-3"
2014,5,16885,Table A16,"PSC, REPORT TCCHINOOK (16)-3"
2015,5,18870,Table A16,"PSC, REPORT TCCHINOOK (16)-3"
1975,5,122091,Table A17,"PSC, REPORT TCCHINOOK (16)-3"
1976,5,101337,Table A17,"PSC, REPORT TCCHINOOK (16)-3"
1977,5,96510,Table A17,"PSC, REPORT TCCHINOOK (16)-3"
1978,5,101196,Table A17,"PSC, REPORT TCCHINOOK (16)-3"
1979,5,68577,Table A17,"PSC, REPORT TCCHINOOK (16)-3"
1980,5,75130,Table A17,"PSC, REPORT TCCHINOOK (16)-3"
1981,5,57338,Table A17,"PSC, REPORT TCCHINOOK (16)-3"
1982,5,42731,Table A17,"PSC, REPORT TCCHINOOK (16)-3"
1983,5,42958,Table A17,"PSC, REPORT TCCHINOOK (16)-3"
1984,5,58934,Table A17,"PSC, REPORT TCCHINOOK (16)-3"
1985,5,45842,Table A17,"PSC, REPORT TCCHINOOK (16)-3"
1986,5,36307,Table A17,"PSC, REPORT TCCHINOOK (16)-3"
1987,5,42740,Table A17,"PSC, REPORT TCCHINOOK (16)-3"
1988,5,38867,Table A17,"PSC, REPORT TCCHINOOK (16)-3"
1989,5,25282,Table A17,"PSC, REPORT TCCHINOOK (16)-3"
1990,5,16353,Table A17,"PSC, REPORT TCCHINOOK (16)-3"
1991,5,16460,Table A17,"PSC, REPORT TCCHINOOK (16)-3"
1992,5,20780,Table A17,"PSC, REPORT TCCHINOOK (16)-3"
1993,5,20867,Table A17,"PSC, REPORT TCCHINOOK (16)-3"
1994,5,19672,Table A17,"PSC, REPORT TCCHINOOK (16)-3"
1995,5,13195,Table A17,"PSC, REPORT TCCHINOOK (16)-3"
1996,5,16608,Table A17,"PSC, REPORT TCCHINOOK (16)-3"
1997,5,38759,Table A17,"PSC, REPORT TCCHINOOK (16)-3"
1998,5,6874,Table A17,"PSC, REPORT TCCHINOOK (16)-3"
1999,5,3424,Table A17,"PSC, REPORT TCCHINOOK (16)-3"
2000,5,5295,Table A17,"PSC, REPORT TCCHINOOK (16)-3"
2001,5,7492,Table A17,"PSC, REPORT TCCHINOOK (16)-3"
2002,5,6758,Table A17,"PSC, REPORT TCCHINOOK (16)-3"
2003,5,7835,Table A17,"PSC, REPORT TCCHINOOK (16)-3"
2004,5,7104,Table A17,"PSC, REPORT TCCHINOOK (16)-3"
2005,5,7061,Table A17,"PSC, REPORT TCCHINOOK (16)-3"
2006,5,9409,Table A17,"PSC, REPORT TCCHINOOK (16)-3"
2007,5,7539,Table A17,"PSC, REPORT TCCHINOOK (16)-3"
2008,5,5877,Table A17,"PSC, REPORT TCCHINOOK (16)-3"
2009,5,5091,Table A17,"PSC, REPORT TCCHINOOK (16)-3"
2010,5,9286,Table A17,"PSC, REPORT TCCHINOOK (16)-3"
2011,5,11823,Table A17,"PSC, REPORT TCCHINOOK (16)-3"
2012,5,6184,Table A17,"PSC, REPORT TCCHINOOK (16)-3"
2013,5,13410,Table A17,"PSC, REPORT TCCHINOOK (16)-3"
2014,5,15874,Table A17,"PSC, REPORT TCCHINOOK (16)-3"
2015,5,12675,Table A17,"PSC, REPORT TCCHINOOK (16)-3"
1975,5,305068,Table A18,"PSC, REPORT TCCHINOOK (16)-3"
1976,5,292527,Table A18,"PSC, REPORT TCCHINOOK (16)-3"
1977,5,243231,Table A18,"PSC, REPORT TCCHINOOK (16)-3"
1978,5,267277,Table A18,"PSC, REPORT TCCHINOOK (16)-3"
1979,5,284475,Table A18,"PSC, REPORT TCCHINOOK (16)-3"
1980,5,314315,Table A18,"PSC, REPORT TCCHINOOK (16)-3"
1981,5,251200,Table A18,"PSC, REPORT TCCHINOOK (16)-3"
1982,5,234977,Table A18,"PSC, REPORT TCCHINOOK (16)-3"
1983,5,258244,Table A18,"PSC, REPORT TCCHINOOK (16)-3"
1984,5,282988,Table A18,"PSC, REPORT TCCHINOOK (16)-3"
1985,5,277510,Table A18,"PSC, REPORT TCCHINOOK (16)-3"
1986,5,241000,Table A18,"PSC, REPORT TCCHINOOK (16)-3"
1987,5,186000,Table A18,"PSC, REPORT TCCHINOOK (16)-3"
1988,5,196000,Table A18,"PSC, REPORT TCCHINOOK (16)-3"
1989,5,231000,Table A18,"PSC, REPORT TCCHINOOK (16)-3"
1990,5,250593,Table A18,"PSC, REPORT TCCHINOOK (16)-3"
1991,5,138354,Table A18,"PSC, REPORT TCCHINOOK (16)-3"
1992,5,115116,Table A18,"PSC, REPORT TCCHINOOK (16)-3"
1993,5,96002,Table A18,"PSC, REPORT TCCHINOOK (16)-3"
1994,5,107758,Table A18,"PSC, REPORT TCCHINOOK (16)-3"
1995,5,125102,Table A18,"PSC, REPORT TCCHINOOK (16)-3"
1996,5,120196,Table A18,"PSC, REPORT TCCHINOOK (16)-3"
1997,5,91483,Table A18,"PSC, REPORT TCCHINOOK (16)-3"
1998,5,80931,Table A18,"PSC, REPORT TCCHINOOK (16)-3"
1999,5,126063,Table A18,"PSC, REPORT TCCHINOOK (16)-3"
2000,5,108822,Table A18,"PSC, REPORT TCCHINOOK (16)-3"
2001,5,163436,Table A18,"PSC, REPORT TCCHINOOK (16)-3"
2002,5,143597,Table A18,"PSC, REPORT TCCHINOOK (16)-3"
2003,5,118416,Table A18,"PSC, REPORT TCCHINOOK (16)-3"
2004,5,91861,Table A18,"PSC, REPORT TCCHINOOK (16)-3"
2005,5,108638,Table A18,"PSC, REPORT TCCHINOOK (16)-3"
2006,5,149639,Table A18,"PSC, REPORT TCCHINOOK (16)-3"
2007,5,176096,Table A18,"PSC, REPORT TCCHINOOK (16)-3"
2008,5,138291,Table A18,"PSC, REPORT TCCHINOOK (16)-3"
2009,5,102096,Table A18,"PSC, REPORT TCCHINOOK (16)-3"
2010,5,113416,Table A18,"PSC, REPORT TCCHINOOK (16)-3"
2011,5,130182,Table A18,"PSC, REPORT TCCHINOOK (16)-3"
2012,5,162538,Table A18,"PSC, REPORT TCCHINOOK (16)-3"
2013,5,141412,Table A18,"PSC, REPORT TCCHINOOK (16)-3"
2014,5,74017,Table A18,"PSC, REPORT TCCHINOOK (16)-3"
2015,5,91114,Table A18,"PSC, REPORT TCCHINOOK (16)-3"
1975,5,36575,Table A19,"PSC, REPORT TCCHINOOK (16)-3"
1976,5,54214,Table A19,"PSC, REPORT TCCHINOOK (16)-3"
1977,5,74510,Table A19,"PSC, REPORT TCCHINOOK (16)-3"
1978,5,36061,Table A19,"PSC, REPORT TCCHINOOK (16)-3"
1979,5,38700,Table A19,"PSC, REPORT TCCHINOOK (16)-3"
1980,5,49157,Table A19,"PSC, REPORT TCCHINOOK (16)-3"
1981,5,37666,Table A19,"PSC, REPORT TCCHINOOK (16)-3"
1982,5,34385,Table A19,"PSC, REPORT TCCHINOOK (16)-3"
1983,5,17662,Table A19,"PSC, REPORT TCCHINOOK (16)-3"
1984,5,17558,Table A19,"PSC, REPORT TCCHINOOK (16)-3"
1985,5,27117,Table A19,"PSC, REPORT TCCHINOOK (16)-3"
1986,5,32000,Table A19,"PSC, REPORT TCCHINOOK (16)-3"
1987,5,54000,Table A19,"PSC, REPORT TCCHINOOK (16)-3"
1988,5,81000,Table A19,"PSC, REPORT TCCHINOOK (16)-3"
1989,5,91000,Table A19,"PSC, REPORT TCCHINOOK (16)-3"
1990,5,62770,Table A19,"PSC, REPORT TCCHINOOK (16)-3"
1991,5,60467,Table A19,"PSC, REPORT TCCHINOOK (16)-3"
1992,5,70800,Table A19,"PSC, REPORT TCCHINOOK (16)-3"
1993,5,68465,Table A19,"PSC, REPORT TCCHINOOK (16)-3"
1994,5,53513,Table A19,"PSC, REPORT TCCHINOOK (16)-3"
1995,5,56371,Table A19,"PSC, REPORT TCCHINOOK (16)-3"
1996,5,67467,Table A19,"PSC, REPORT TCCHINOOK (16)-3"
1997,5,34888,Table A19,"PSC, REPORT TCCHINOOK (16)-3"
1998,5,26835,Table A19,"PSC, REPORT TCCHINOOK (16)-3"
1999,5,14565,Table A19,"PSC, REPORT TCCHINOOK (16)-3"
2000,5,18839,Table A19,"PSC, REPORT TCCHINOOK (16)-3"
2001,5,28125,Table A19,"PSC, REPORT TCCHINOOK (16)-3"
2002,5,29410,Table A19,"PSC, REPORT TCCHINOOK (16)-3"
2003,5,24518,Table A19,"PSC, REPORT TCCHINOOK (16)-3"
2004,5,34053,Table A19,"PSC, REPORT TCCHINOOK (16)-3"
2005,5,27719,Table A19,"PSC, REPORT TCCHINOOK (16)-3"
2006,5,35444,Table A19,"PSC, REPORT TCCHINOOK (16)-3"
2007,5,17419,Table A19,"PSC, REPORT TCCHINOOK (16)-3"
2008,5,18836,Table A19,"PSC, REPORT TCCHINOOK (16)-3"
2009,5,25357,Table A19,"PSC, REPORT TCCHINOOK (16)-3"
2010,5,19625,Table A19,"PSC, REPORT TCCHINOOK (16)-3"
2011,5,52374,Table A19,"PSC, REPORT TCCHINOOK (16)-3"
2012,5,38878,Table A19,"PSC, REPORT TCCHINOOK (16)-3"
2013,5,41299,Table A19,"PSC, REPORT TCCHINOOK (16)-3"
2014,5,49254,Table A19,"PSC, REPORT TCCHINOOK (16)-3"
2015,5,42352,Table A19,"PSC, REPORT TCCHINOOK (16)-3"
1975,6,228121,Table A5,"PSC, REPORT TCCHINOOK (16)-3"
1976,6,190267,Table A5,"PSC, REPORT TCCHINOOK (16)-3"
1977,6,131005,Table A5,"PSC, REPORT TCCHINOOK (16)-3"
1978,6,146179,Table A5,"PSC, REPORT TCCHINOOK (16)-3"
1979,6,147576,Table A5,"PSC, REPORT TCCHINOOK (16)-3"
1980,6,157398,Table A5,"PSC, REPORT TCCHINOOK (16)-3"
1981,6,153249,Table A5,"PSC, REPORT TCCHINOOK (16)-3"
1982,6,173687,Table A5,"PSC, REPORT TCCHINOOK (16)-3"
1983,6,162927,Table A5,"PSC, REPORT TCCHINOOK (16)-3"
1984,6,185305,Table A5,"PSC, REPORT TCCHINOOK (16)-3"
1985,6,166445,Table A5,"PSC, REPORT TCCHINOOK (16)-3"
1986,6,176868,Table A5,"PSC, REPORT TCCHINOOK (16)-3"
1987,6,180101,Table A5,"PSC, REPORT TCCHINOOK (16)-3"
1988,6,159428,Table A5,"PSC, REPORT TCCHINOOK (16)-3"
1989,6,228331,Table A5,"PSC, REPORT TCCHINOOK (16)-3"
1990,6,170936,Table A5,"PSC, REPORT TCCHINOOK (16)-3"
1991,6,209065,Table A5,"PSC, REPORT TCCHINOOK (16)-3"
1992,6,163698,Table A5,"PSC, REPORT TCCHINOOK (16)-3"
1993,6,186983,Table A5,"PSC, REPORT TCCHINOOK (16)-3"
1994,6,193554,Table A5,"PSC, REPORT TCCHINOOK (16)-3"
1995,6,79388,Table A5,"PSC, REPORT TCCHINOOK (16)-3"
1996,6,678,Table A5,"PSC, REPORT TCCHINOOK (16)-3"
1997,6,110999,Table A5,"PSC, REPORT TCCHINOOK (16)-3"
1998,6,143202,Table A5,"PSC, REPORT TCCHINOOK (16)-3"
1999,6,84324,Table A5,"PSC, REPORT TCCHINOOK (16)-3"
2000,6,32048,Table A5,"PSC, REPORT TCCHINOOK (16)-3"
2001,6,43334,Table A5,"PSC, REPORT TCCHINOOK (16)-3"
2002,6,149831,Table A5,"PSC, REPORT TCCHINOOK (16)-3"
2003,6,194797,Table A5,"PSC, REPORT TCCHINOOK (16)-3"
2004,6,241508,Table A5,"PSC, REPORT TCCHINOOK (16)-3"
2005,6,243606,Table A5,"PSC, REPORT TCCHINOOK (16)-3"
2006,6,215985,Table A5,"PSC, REPORT TCCHINOOK (16)-3"
2007,6,144235,Table A5,"PSC, REPORT TCCHINOOK (16)-3"
2008,6,95647,Table A5,"PSC, REPORT TCCHINOOK (16)-3"
2009,6,109470,Table A5,"PSC, REPORT TCCHINOOK (16)-3"
2010,6,136613,Table A5,"PSC, REPORT TCCHINOOK (16)-3"
2011,6,122660,Table A5,"PSC, REPORT TCCHINOOK (16)-3"
2012,6,120307,Table A5,"PSC, REPORT TCCHINOOK (16)-3"
2013,6,115914,Table A5,"PSC, REPORT TCCHINOOK (16)-3"
2014,6,216901,Table A5,"PSC, REPORT TCCHINOOK (16)-3"
2015,6,158903,Table A5,"PSC, REPORT TCCHINOOK (16)-3"
1975,6,176455,Table A8,"PSC, REPORT TCCHINOOK (16)-3"
1976,6,177873,Table A8,"PSC, REPORT TCCHINOOK (16)-3"
1977,6,168387,Table A8,"PSC, REPORT TCCHINOOK (16)-3"
1978,6,142141,Table A8,"PSC, REPORT TCCHINOOK (16)-3"
1979,6,173079,Table A8,"PSC, REPORT TCCHINOOK (16)-3"
1980,6,135122,Table A8,"PSC, REPORT TCCHINOOK (16)-3"
1981,6,98611,Table A8,"PSC, REPORT TCCHINOOK (16)-3"
1982,6,117991,Table A8,"PSC, REPORT TCCHINOOK (16)-3"
1983,6,121537,Table A8,"PSC, REPORT TCCHINOOK (16)-3"
1984,6,98172,Table A8,"PSC, REPORT TCCHINOOK (16)-3"
1985,6,50266,Table A8,"PSC, REPORT TCCHINOOK (16)-3"
1986,6,89603,Table A8,"PSC, REPORT TCCHINOOK (16)-3"
1987,6,88461,Table A8,"PSC, REPORT TCCHINOOK (16)-3"
1988,6,60103,Table A8,"PSC, REPORT TCCHINOOK (16)-3"
1989,6,45249,Table A8,"PSC, REPORT TCCHINOOK (16)-3"
1990,6,68002,Table A8,"PSC, REPORT TCCHINOOK (16)-3"
1991,6,62314,Table A8,"PSC, REPORT TCCHINOOK (16)-3"
1992,6,82833,Table A8,"PSC, REPORT TCCHINOOK (16)-3"
1993,6,52044,Table A8,"PSC, REPORT TCCHINOOK (16)-3"
1994,6,44059,Table A8,"PSC, REPORT TCCHINOOK (16)-3"
1995,6,23679,Table A8,"PSC, REPORT TCCHINOOK (16)-3"
1996,6,21045,Table A8,"PSC, REPORT TCCHINOOK (16)-3"
1997,6,32351,Table A8,"PSC, REPORT TCCHINOOK (16)-3"
1998,6,20619,Table A8,"PSC, REPORT TCCHINOOK (16)-3"
1999,6,22155,Table A8,"PSC, REPORT TCCHINOOK (16)-3"
2000,6,15173,Table A8,"PSC, REPORT TCCHINOOK (16)-3"
2001,6,21056,Table A8,"PSC, REPORT TCCHINOOK (16)-3"
2002,6,16021,Table A8,"PSC, REPORT TCCHINOOK (16)-3"
2003,6,14864,Table A8,"PSC, REPORT TCCHINOOK (16)-3"
2004,6,20608,Table A8,"PSC, REPORT TCCHINOOK (16)-3"
2005,6,15583,Table A8,"PSC, REPORT TCCHINOOK (16)-3"
2006,6,18644,Table A8,"PSC, REPORT TCCHINOOK (16)-3"
2007,6,14296,Table A8,"PSC, REPORT TCCHINOOK (16)-3"
2008,6,7345,Table A8,"PSC, REPORT TCCHINOOK (16)-3"
2009,6,10382,Table A8,"PSC, REPORT TCCHINOOK (16)-3"
2010,6,9302,Table A8,"PSC, REPORT TCCHINOOK (16)-3"
2011,6,15464,Table A8,"PSC, REPORT TCCHINOOK (16)-3"
2012,6,11754,Table A8,"PSC, REPORT TCCHINOOK (16)-3"
2013,6,15209,Table A8,"PSC, REPORT TCCHINOOK (16)-3"
2014,6,15081,Table A8,"PSC, REPORT TCCHINOOK (16)-3"
2015,6,19998,Table A8,"PSC, REPORT TCCHINOOK (16)-3"
1975,6,546214,Table A9,"PSC, REPORT TCCHINOOK (16)-3"
1976,6,665010,Table A9,"PSC, REPORT TCCHINOOK (16)-3"
1977,6,545742,Table A9,"PSC, REPORT TCCHINOOK (16)-3"
1978,6,568705,Table A9,"PSC, REPORT TCCHINOOK (16)-3"
1979,6,477222,Table A9,"PSC, REPORT TCCHINOOK (16)-3"
1980,6,486303,Table A9,"PSC, REPORT TCCHINOOK (16)-3"
1981,6,423266,Table A9,"PSC, REPORT TCCHINOOK (16)-3"
1982,6,538510,Table A9,"PSC, REPORT TCCHINOOK (16)-3"
1983,6,395636,Table A9,"PSC, REPORT TCCHINOOK (16)-3"
1984,6,471294,Table A9,"PSC, REPORT TCCHINOOK (16)-3"
1985,6,345937,Table A9,"PSC, REPORT TCCHINOOK (16)-3"
1986,6,350227,Table A9,"PSC, REPORT TCCHINOOK (16)-3"
1987,6,378931,Table A9,"PSC, REPORT TCCHINOOK (16)-3"
1988,6,408668,Table A9,"PSC, REPORT TCCHINOOK (16)-3"
1989,6,203751,Table A9,"PSC, REPORT TCCHINOOK (16)-3"
1990,6,297858,Table A9,"PSC, REPORT TCCHINOOK (16)-3"
1991,6,203035,Table A9,"PSC, REPORT TCCHINOOK (16)-3"
1992,6,358664,Table A9,"PSC, REPORT TCCHINOOK (16)-3"
1993,6,300345,Table A9,"PSC, REPORT TCCHINOOK (16)-3"
1994,6,160352,Table A9,"PSC, REPORT TCCHINOOK (16)-3"
1995,6,95410,Table A9,"PSC, REPORT TCCHINOOK (16)-3"
1996,6,10233,Table A9,"PSC, REPORT TCCHINOOK (16)-3"
1997,6,59088,Table A9,"PSC, REPORT TCCHINOOK (16)-3"
1998,6,9317,Table A9,"PSC, REPORT TCCHINOOK (16)-3"
1999,6,38540,Table A9,"PSC, REPORT TCCHINOOK (16)-3"
2000,6,88617,Table A9,"PSC, REPORT TCCHINOOK (16)-3"
2001,6,120304,Table A9,"PSC, REPORT TCCHINOOK (16)-3"
2002,6,157886,Table A9,"PSC, REPORT TCCHINOOK (16)-3"
2003,6,173561,Table A9,"PSC, REPORT TCCHINOOK (16)-3"
2004,6,215252,Table A9,"PSC, REPORT TCCHINOOK (16)-3"
2005,6,199479,Table A9,"PSC, REPORT TCCHINOOK (16)-3"
2006,6,145485,Table A9,"PSC, REPORT TCCHINOOK (16)-3"
2007,6,140614,Table A9,"PSC, REPORT TCCHINOOK (16)-3"
2008,6,145726,Table A9,"PSC, REPORT TCCHINOOK (16)-3"
2009,6,124617,Table A9,"PSC, REPORT TCCHINOOK (16)-3"
2010,6,139047,Table A9,"PSC, REPORT TCCHINOOK (16)-3"
2011,6,204232,Table A9,"PSC, REPORT TCCHINOOK (16)-3"
2012,6,134468,Table A9,"PSC, REPORT TCCHINOOK (16)-3"
2013,6,113598,Table A9,"PSC, REPORT TCCHINOOK (16)-3"
2014,6,188374,Table A9,"PSC, REPORT TCCHINOOK (16)-3"
1975,6,48360,Table A12,"PSC, REPORT TCCHINOOK (16)-3"
1976,6,62693,Table A12,"PSC, REPORT TCCHINOOK (16)-3"
1977,6,76379,Table A12,"PSC, REPORT TCCHINOOK (16)-3"
1978,6,68200,Table A12,"PSC, REPORT TCCHINOOK (16)-3"
1979,6,44343,Table A12,"PSC, REPORT TCCHINOOK (16)-3"
1980,6,42068,Table A12,"PSC, REPORT TCCHINOOK (16)-3"
1981,6,41655,Table A12,"PSC, REPORT TCCHINOOK (16)-3"
1982,6,40688,Table A12,"PSC, REPORT TCCHINOOK (16)-3"
1983,6,43017,Table A12,"PSC, REPORT TCCHINOOK (16)-3"
1984,6,27621,Table A12,"PSC, REPORT TCCHINOOK (16)-3"
1985,6,41640,Table A12,"PSC, REPORT TCCHINOOK (16)-3"
1986,6,21817,Table A12,"PSC, REPORT TCCHINOOK (16)-3"
1987,6,15643,Table A12,"PSC, REPORT TCCHINOOK (16)-3"
1988,6,7858,Table A12,"PSC, REPORT TCCHINOOK (16)-3"
1989,6,31311,Table A12,"PSC, REPORT TCCHINOOK (16)-3"
1990,6,20731,Table A12,"PSC, REPORT TCCHINOOK (16)-3"
1991,6,26897,Table A12,"PSC, REPORT TCCHINOOK (16)-3"
1992,6,27791,Table A12,"PSC, REPORT TCCHINOOK (16)-3"
1993,6,32401,Table A12,"PSC, REPORT TCCHINOOK (16)-3"
1994,6,16655,Table A12,"PSC, REPORT TCCHINOOK (16)-3"
1995,6,5341,Table A12,"PSC, REPORT TCCHINOOK (16)-3"
1996,6,3636,Table A12,"PSC, REPORT TCCHINOOK (16)-3"
1997,6,6490,Table A12,"PSC, REPORT TCCHINOOK (16)-3"
1998,6,5305,Table A12,"PSC, REPORT TCCHINOOK (16)-3"
1999,6,10199,Table A12,"PSC, REPORT TCCHINOOK (16)-3"
2000,6,6537,Table A12,"PSC, REPORT TCCHINOOK (16)-3"
2001,6,5305,Table A12,"PSC, REPORT TCCHINOOK (16)-3"
2002,6,4794,Table A12,"PSC, REPORT TCCHINOOK (16)-3"
2003,6,11006,Table A12,"PSC, REPORT TCCHINOOK (16)-3"
2004,6,17000,Table A12,"PSC, REPORT TCCHINOOK (16)-3"
2005,6,16369,Table A12,"PSC, REPORT TCCHINOOK (16)-3"
2006,6,10976,Table A12,"PSC, REPORT TCCHINOOK (16)-3"
2007,6,10084,Table A12,"PSC, REPORT TCCHINOOK (16)-3"
2008,6,4808,Table A12,"PSC, REPORT TCCHINOOK (16)-3"
2009,6,12442,Table A12,"PSC, REPORT TCCHINOOK (16)-3"
2010,6,10366,Table A12,"PSC, REPORT TCCHINOOK (16)-3"
2011,6,12248,Table A12,"PSC, REPORT TCCHINOOK (16)-3"
2012,6,8232,Table A12,"PSC, REPORT TCCHINOOK (16)-3"
2013,6,8553,Table A12,"PSC, REPORT TCCHINOOK (16)-3"
2014,6,11287,Table A12,"PSC, REPORT TCCHINOOK (16)-3"
2015,6,12246,Table A12,"PSC, REPORT TCCHINOOK (16)-3"
1975,7,317707,Table A1,"PSC, REPORT TCCHINOOK (16)-3"
1976,7,258762,Table A1,"PSC, REPORT TCCHINOOK (16)-3"
1977,7,302178,Table A1,"PSC, REPORT TCCHINOOK (16)-3"
1978,7,418411,Table A1,"PSC, REPORT TCCHINOOK (16)-3"
1979,7,382641,Table A1,"PSC, REPORT TCCHINOOK (16)-3"
1980,7,343970,Table A1,"PSC, REPORT TCCHINOOK (16)-3"
1981,7,289034,Table A1,"PSC, REPORT TCCHINOOK (16)-3"
1982,7,314686,Table A1,"PSC, REPORT TCCHINOOK (16)-3"
1983,7,311658,Table A1,"PSC, REPORT TCCHINOOK (16)-3"
1984,7,290077,Table A1,"PSC, REPORT TCCHINOOK (16)-3"
1985,7,274539,Table A1,"PSC, REPORT TCCHINOOK (16)-3"
1986,7,282353,Table A1,"PSC, REPORT TCCHINOOK (16)-3"
1987,7,282418,Table A1,"PSC, REPORT TCCHINOOK (16)-3"
1988,7,279312,Table A1,"PSC, REPORT TCCHINOOK (16)-3"
1989,7,291032,Table A1,"PSC, REPORT TCCHINOOK (16)-3"
1990,7,366869,Table A1,"PSC, REPORT TCCHINOOK (16)-3"
1991,7,359462,Table A1,"PSC, REPORT TCCHINOOK (16)-3"
1992,7,258791,Table A1,"PSC, REPORT TCCHINOOK (16)-3"
1993,7,304103,Table A1,"PSC, REPORT TCCHINOOK (16)-3"
1994,7,264350,Table A1,"PSC, REPORT TCCHINOOK (16)-3"
1995,7,235739,Table A1,"PSC, REPORT TCCHINOOK (16)-3"
1996,7,236259,Table A1,"PSC, REPORT TCCHINOOK (16)-3"
1997,7,343002,Table A1,"PSC, REPORT TCCHINOOK (16)-3"
1998,7,270593,Table A1,"PSC, REPORT TCCHINOOK (16)-3"
1999,7,251020,Table A1,"PSC, REPORT TCCHINOOK (16)-3"
2000,7,263290,Table A1,"PSC, REPORT TCCHINOOK (16)-3"
2001,7,265734,Table A1,"PSC, REPORT TCCHINOOK (16)-3"
2002,7,426534,Table A1,"PSC, REPORT TCCHINOOK (16)-3"
2003,7,439436,Table A1,"PSC, REPORT TCCHINOOK (16)-3"
2004,7,499268,Table A1,"PSC, REPORT TCCHINOOK (16)-3"
2005,7,493117,Table A1,"PSC, REPORT TCCHINOOK (16)-3"
2006,7,435505,Table A1,"PSC, REPORT TCCHINOOK (16)-3"
2007,7,404639,Table A1,"PSC, REPORT TCCHINOOK (16)-3"
2008,7,244230,Table A1,"PSC, REPORT TCCHINOOK (16)-3"
2009,7,293674,Table A1,"PSC, REPORT TCCHINOOK (16)-3"
2010,7,284699,Table A1,"PSC, REPORT TCCHINOOK (16)-3"
2011,7,356988,Table A1,"PSC, REPORT TCCHINOOK (16)-3"
2012,7,295022,Table A1,"PSC, REPORT TCCHINOOK (16)-3"
2013,7,257252,Table A1,"PSC, REPORT TCCHINOOK (16)-3"
2014,7,492502,Table A1,"PSC, REPORT TCCHINOOK (16)-3"
2015,7,405331,Table A1,"PSC, REPORT TCCHINOOK (16)-3"
1994,8,98000,website,http://www.adfg.alaska.gov/index.cfm?adfg=CommercialByFisherySalmon.exvesselquery
1995,8,33000,website,http://www.adfg.alaska.gov/index.cfm?adfg=CommercialByFisherySalmon.exvesselquery
1996,8,56000,website,http://www.adfg.alaska.gov/index.cfm?adfg=CommercialByFisherySalmon.exvesselquery
1997,8,39000,website,http://www.adfg.alaska.gov/index.cfm?adfg=CommercialByFisherySalmon.exvesselquery
1998,8,58000,website,http://www.adfg.alaska.gov/index.cfm?adfg=CommercialByFisherySalmon.exvesselquery
1999,8,45000,website,http://www.adfg.alaska.gov/index.cfm?adfg=CommercialByFisherySalmon.exvesselquery
2000,8,35000,website,http://www.adfg.alaska.gov/index.cfm?adfg=CommercialByFisherySalmon.exvesselquery
2001,8,48000,website,http://www.adfg.alaska.gov/index.cfm?adfg=CommercialByFisherySalmon.exvesselquery
2002,8,89000,website,http://www.adfg.alaska.gov/index.cfm?adfg=CommercialByFisherySalmon.exvesselquery
2003,8,87000,website,http://www.adfg.alaska.gov/index.cfm?adfg=CommercialByFisherySalmon.exvesselquery
2004,8,83000,website,http://www.adfg.alaska.gov/index.cfm?adfg=CommercialByFisherySalmon.exvesselquery
2005,8,115000,website,http://www.adfg.alaska.gov/index.cfm?adfg=CommercialByFisherySalmon.exvesselquery
2006,8,95000,website,http://www.adfg.alaska.gov/index.cfm?adfg=CommercialByFisherySalmon.exvesselquery
2007,8,83000,website,http://www.adfg.alaska.gov/index.cfm?adfg=CommercialByFisherySalmon.exvesselquery
2008,8,80000,website,http://www.adfg.alaska.gov/index.cfm?adfg=CommercialByFisherySalmon.exvesselquery
2009,8,60000,website,http://www.adfg.alaska.gov/index.cfm?adfg=CommercialByFisherySalmon.exvesselquery
2010,8,110000,website,http://www.adfg.alaska.gov/index.cfm?adfg=CommercialByFisherySalmon.exvesselquery
2011,8,110000,website,http://www.adfg.alaska.gov/index.cfm?adfg=CommercialByFisherySalmon.exvesselquery
2012,8,103000,website,http://www.adfg.alaska.gov/index.cfm?adfg=CommercialByFisherySalmon.exvesselquery
2013,8,103000,website,http://www.adfg.alaska.gov/index.cfm?adfg=CommercialByFisherySalmon.exvesselquery
2014,8,140000,website,http://www.adfg.alaska.gov/index.cfm?adfg=CommercialByFisherySalmon.exvesselquery
2015,8,120000,website,http://www.adfg.alaska.gov/index.cfm?adfg=CommercialByFisherySalmon.exvesselquery
